"Date","Price","Open","High","Low","Vol.","Change %"
"Dec 11, 2020","5.10","5.13","5.13","5.06","1.85M","-0.10%"
"Dec 10, 2020","5.11","5.13","5.13","5.06","419.26K","-0.85%"
"Dec 09, 2020","5.15","5.14","5.16","5.13","432.34K","0.76%"
"Dec 08, 2020","5.11","5.08","5.11","5.05","299.99K","0.33%"
"Dec 07, 2020","5.09","5.10","5.10","5.06","501.00K","0.24%"
"Dec 04, 2020","5.08","5.04","5.09","5.03","253.41K","0.79%"
"Dec 03, 2020","5.04","5.00","5.04","4.99","385.64K","0.98%"
"Dec 02, 2020","4.99","5.02","5.02","4.97","420.37K","-0.64%"
"Dec 01, 2020","5.02","5.03","5.07","5.02","514.76K","0.75%"
"Nov 30, 2020","4.99","5.02","5.04","4.97","288.05K","-1.16%"
"Nov 27, 2020","5.05","5.05","5.07","5.04","202.49K","0.12%"
"Nov 26, 2020","5.04","5.07","5.07","5.04","308.54K","-0.16%"
"Nov 25, 2020","5.05","5.08","5.09","5.03","227.89K","-0.86%"
"Nov 24, 2020","5.09","5.05","5.09","5.05","362.30K","1.37%"
"Nov 23, 2020","5.02","5.00","5.03","4.96","208.15K","1.64%"
"Nov 20, 2020","4.94","4.91","4.96","4.91","248.44K","0.34%"
"Nov 19, 2020","4.92","4.92","4.94","4.90","208.99K","-1.01%"
"Nov 18, 2020","4.97","4.93","4.98","4.93","110.04K","0.94%"
"Nov 17, 2020","4.93","4.96","4.96","4.89","356.85K","-0.83%"
"Nov 16, 2020","4.97","4.92","4.98","4.90","525.32K","2.27%"
"Nov 13, 2020","4.86","4.81","4.87","4.81","428.03K","0.28%"
"Nov 12, 2020","4.84","4.84","4.87","4.84","179.00K","-0.58%"
"Nov 11, 2020","4.87","4.87","4.90","4.85","283.27K","0.56%"
"Nov 10, 2020","4.85","4.84","4.89","4.80","941.37K","-0.73%"
"Nov 09, 2020","4.88","4.71","5.00","4.70","413.72K","4.62%"
"Nov 06, 2020","4.67","4.69","4.71","4.64","209.31K","-0.42%"
"Nov 05, 2020","4.69","4.66","4.69","4.63","222.63K","0.71%"
"Nov 04, 2020","4.65","4.52","4.65","4.51","372.79K","1.68%"
"Nov 03, 2020","4.58","4.54","4.58","4.53","270.66K","1.67%"
"Nov 02, 2020","4.50","4.47","4.51","4.45","278.85K","1.21%"
"Oct 30, 2020","4.45","4.42","4.48","4.40","199.32K","-0.33%"
"Oct 29, 2020","4.46","4.44","4.47","4.41","154.12K","0.52%"
"Oct 28, 2020","4.44","4.48","4.48","4.41","187.61K","-1.69%"
"Oct 27, 2020","4.51","4.55","4.56","4.51","102.51K","-0.52%"
"Oct 26, 2020","4.54","4.57","4.60","4.53","222.08K","-1.87%"
"Oct 23, 2020","4.63","4.62","4.64","4.61","161.16K","0.87%"
"Oct 22, 2020","4.59","4.56","4.60","4.53","325.99K","0.15%"
"Oct 21, 2020","4.58","4.63","4.63","4.57","206.21K","-0.96%"
"Oct 20, 2020","4.62","4.63","4.64","4.61","526.76K","-0.94%"
"Oct 19, 2020","4.67","4.70","4.70","4.65","167.97K","-0.46%"
"Oct 16, 2020","4.69","4.69","4.69","4.66","640.19K","1.01%"
"Oct 15, 2020","4.64","4.65","4.65","4.60","437.38K","-1.01%"
"Oct 14, 2020","4.69","4.69","4.70","4.67","193.52K","0.26%"
"Oct 13, 2020","4.68","4.69","4.69","4.65","169.59K","-0.44%"
"Oct 12, 2020","4.70","4.68","4.70","4.67","526.07K","0.95%"
"Oct 09, 2020","4.65","4.67","4.67","4.65","215.70K","0.53%"
"Oct 08, 2020","4.63","4.63","4.66","4.62","227.47K","0.84%"
"Oct 07, 2020","4.59","4.57","4.60","4.56","103.19K","0.33%"
"Oct 06, 2020","4.57","4.53","4.58","4.53","218.74K","1.15%"
"Oct 05, 2020","4.52","4.51","4.53","4.49","338.28K","1.37%"
"Oct 02, 2020","4.46","4.41","4.47","4.40","435.26K","0.50%"
"Oct 01, 2020","4.44","4.45","4.45","4.42","301.39K","0.23%"
"Sep 30, 2020","4.43","4.39","4.45","4.38","95.50K","0.81%"
"Sep 29, 2020","4.39","4.45","4.45","4.39","59.60K","-1.06%"
"Sep 28, 2020","4.44","4.42","4.45","4.38","149.97K","2.46%"
"Sep 25, 2020","4.34","4.32","4.34","4.27","67.44K","0.86%"
"Sep 24, 2020","4.30","4.30","4.32","4.27","190.67K","-1.70%"
"Sep 23, 2020","4.37","4.38","4.40","4.37","80.34K","0.97%"
"Sep 22, 2020","4.33","4.34","4.36","4.33","119.89K","0.29%"
"Sep 21, 2020","4.32","4.42","4.42","4.30","194.58K","-2.76%"
"Sep 18, 2020","4.44","4.46","4.46","4.44","154.54K","-0.27%"
"Sep 17, 2020","4.45","4.44","4.47","4.42","166.38K","-0.62%"
"Sep 16, 2020","4.48","4.44","4.48","4.44","88.08K","0.86%"
"Sep 15, 2020","4.44","4.43","4.45","4.41","83.57K","1.07%"
"Sep 14, 2020","4.40","4.40","4.40","4.35","268.12K","0.93%"
"Sep 11, 2020","4.36","4.38","4.38","4.35","198.13K","-0.41%"
"Sep 10, 2020","4.37","4.39","4.40","4.36","127.86K","-0.14%"
"Sep 09, 2020","4.38","4.36","4.39","4.36","347.95K","0.19%"
"Sep 08, 2020","4.37","4.45","4.45","4.34","369.46K","-1.54%"
"Sep 07, 2020","4.44","4.40","4.44","4.39","439.76K","1.89%"
"Sep 04, 2020","4.36","4.39","4.47","4.34","219.33K","-1.45%"
"Sep 03, 2020","4.42","4.53","4.55","4.41","168.45K","-1.79%"
"Sep 02, 2020","4.50","4.50","4.52","4.49","333.12K","1.33%"
"Sep 01, 2020","4.44","4.46","4.46","4.40","291.21K","0.35%"
"Aug 31, 2020","4.43","4.51","4.51","4.42","251.36K","-0.55%"
"Aug 28, 2020","4.45","4.48","4.48","4.45","304.65K","-0.47%"
"Aug 27, 2020","4.47","4.46","4.48","4.45","265.43K","0.15%"
"Aug 26, 2020","4.47","4.45","4.48","4.45","177.49K","0.65%"
"Aug 25, 2020","4.44","4.51","4.51","4.44","332.09K","-0.36%"
"Aug 24, 2020","4.45","4.44","4.46","4.43","394.99K","0.83%"
"Aug 21, 2020","4.42","4.42","4.43","4.40","680.47K","0.00%"
"Aug 20, 2020","4.42","4.40","4.43","4.39","508.72K","-0.41%"
"Aug 19, 2020","4.44","4.41","4.44","4.40","699.85K","0.42%"
"Aug 18, 2020","4.42","4.45","4.46","4.40","387.98K","-0.74%"
"Aug 17, 2020","4.45","4.46","4.47","4.43","525.36K","0.00%"
"Aug 14, 2020","4.45","4.46","4.46","4.42","352.26K","-0.34%"
"Aug 13, 2020","4.46","4.47","4.47","4.44","319.10K","-0.29%"
"Aug 12, 2020","4.48","4.51","4.51","4.47","237.49K","-0.36%"
"Aug 11, 2020","4.49","4.47","4.50","4.47","143.13K","0.82%"
"Aug 10, 2020","4.46","4.44","4.46","4.43","226.11K","1.26%"
"Aug 07, 2020","4.40","4.36","4.41","4.36","107.68K","0.82%"
"Aug 06, 2020","4.37","4.37","4.40","4.36","49.90K","0.22%"
"Aug 05, 2020","4.36","4.38","4.38","4.34","281.97K","0.47%"
"Aug 04, 2020","4.34","4.34","4.35","4.30","80.00K","0.46%"
"Aug 03, 2020","4.32","4.29","4.32","4.25","291.05K","2.26%"
"Jul 31, 2020","4.22","4.24","4.27","4.21","156.83K","-1.24%"
"Jul 30, 2020","4.27","4.32","4.32","4.23","102.37K","-0.73%"
"Jul 29, 2020","4.30","4.30","4.31","4.27","59.49K","0.00%"
"Jul 28, 2020","4.31","4.32","4.32","4.28","65.54K","0.94%"
"Jul 27, 2020","4.27","4.32","4.32","4.26","264.75K","-0.91%"
"Jul 24, 2020","4.30","4.33","4.34","4.30","283.93K","-1.44%"
"Jul 23, 2020","4.37","4.39","4.39","4.34","378.71K","0.58%"
"Jul 22, 2020","4.34","4.39","4.39","4.33","411.38K","-1.15%"
"Jul 21, 2020","4.39","4.39","4.42","4.36","310.60K","1.17%"
"Jul 20, 2020","4.34","4.33","4.35","4.30","305.46K","0.00%"
"Jul 17, 2020","4.34","4.36","4.36","4.31","252.44K","0.00%"
"Jul 16, 2020","4.34","4.36","4.37","4.32","209.36K","-0.15%"
"Jul 15, 2020","4.34","4.30","4.36","4.27","274.15K","2.76%"
"Jul 14, 2020","4.23","4.26","4.26","4.19","361.83K","-1.75%"
"Jul 13, 2020","4.30","4.33","4.33","4.27","447.93K","0.76%"
"Jul 10, 2020","4.27","4.23","4.28","4.21","321.74K","1.35%"
"Jul 09, 2020","4.21","4.29","4.29","4.20","200.06K","-0.96%"
"Jul 08, 2020","4.25","4.30","4.30","4.24","365.96K","-1.63%"
"Jul 07, 2020","4.32","4.34","4.34","4.30","216.21K","-0.47%"
"Jul 06, 2020","4.34","4.39","4.39","4.33","460.76K","1.33%"
"Jul 03, 2020","4.29","4.34","4.34","4.28","281.33K","-0.97%"
"Jul 02, 2020","4.33","4.32","4.36","4.29","154.79K","1.50%"
"Jul 01, 2020","4.27","4.30","4.34","4.25","256.28K","0.00%"
"Jun 30, 2020","4.27","4.28","4.29","4.24","290.58K","0.53%"
"Jun 29, 2020","4.24","4.22","4.26","4.18","117.29K","0.58%"
"Jun 26, 2020","4.22","4.30","4.33","4.20","135.92K","-0.17%"
"Jun 25, 2020","4.23","4.17","4.26","4.17","248.46K","0.17%"
"Jun 24, 2020","4.22","4.33","4.34","4.22","263.50K","-2.61%"
"Jun 23, 2020","4.33","4.35","4.38","4.31","339.95K","0.69%"
"Jun 22, 2020","4.30","4.31","4.34","4.28","675.26K","-1.48%"
"Jun 19, 2020","4.37","4.35","4.39","4.35","222.93K","0.66%"
"Jun 18, 2020","4.34","4.34","4.36","4.30","295.34K","-0.37%"
"Jun 17, 2020","4.36","4.37","4.41","4.35","345.23K","-0.21%"
"Jun 16, 2020","4.36","4.33","4.43","4.32","300.82K","3.87%"
"Jun 15, 2020","4.20","4.15","4.22","4.07","1.08M","0.14%"
"Jun 12, 2020","4.20","4.15","4.27","4.15","806.93K","0.54%"
"Jun 11, 2020","4.17","4.24","4.28","4.17","570.05K","-5.14%"
"Jun 10, 2020","4.40","4.52","4.52","4.38","433.98K","-1.43%"
"Jun 09, 2020","4.46","4.58","4.58","4.45","239.80K","-1.97%"
"Jun 08, 2020","4.55","4.51","4.56","4.48","267.90K","0.51%"
"Jun 05, 2020","4.53","4.43","4.53","4.40","202.22K","3.99%"
"Jun 04, 2020","4.36","4.38","4.39","4.35","238.76K","-1.19%"
"Jun 03, 2020","4.41","4.34","4.41","4.33","125.01K","2.31%"
"Jun 02, 2020","4.31","4.30","4.33","4.29","211.56K","2.53%"
"May 29, 2020","4.20","4.23","4.25","4.20","71.27K","-2.45%"
"May 28, 2020","4.31","4.34","4.34","4.30","167.54K","1.50%"
"May 27, 2020","4.24","4.29","4.32","4.21","180.81K","0.39%"
"May 26, 2020","4.23","4.23","4.26","4.23","113.11K","0.25%"
"May 25, 2020","4.22","4.20","4.22","4.16","116.98K","2.55%"
"May 22, 2020","4.11","4.07","4.14","4.05","82.92K","0.55%"
"May 21, 2020","4.09","4.09","4.12","4.06","289.11K","-0.61%"
"May 20, 2020","4.11","4.03","4.12","4.03","249.27K","1.04%"
"May 19, 2020","4.07","4.11","4.11","4.03","207.75K","-0.28%"
"May 18, 2020","4.08","4.00","4.08","3.98","144.65K","4.66%"
"May 15, 2020","3.90","3.93","3.93","3.85","105.32K","1.59%"
"May 14, 2020","3.84","3.88","3.88","3.76","400.01K","-1.54%"
"May 13, 2020","3.90","3.99","3.99","3.90","252.52K","-3.73%"
"May 12, 2020","4.05","4.08","4.10","4.04","142.37K","-0.45%"
"May 11, 2020","4.07","4.14","4.14","4.05","149.01K","0.00%"
"May 08, 2020","4.07","4.09","4.09","4.04","254.97K","1.46%"
"May 07, 2020","4.01","3.95","4.03","3.95","253.12K","1.65%"
"May 06, 2020","3.95","4.01","4.01","3.94","352.48K","-1.14%"
"May 05, 2020","3.99","3.94","4.00","3.93","368.47K","3.69%"
"May 04, 2020","3.85","3.87","3.87","3.81","351.20K","-4.29%"
"Apr 30, 2020","4.02","4.15","4.15","4.02","240.85K","-2.20%"
"Apr 29, 2020","4.11","4.03","4.11","4.01","204.04K","3.26%"
"Apr 28, 2020","3.98","3.96","4.03","3.92","295.75K","1.82%"
"Apr 27, 2020","3.91","3.89","3.91","3.86","263.77K","3.16%"
"Apr 24, 2020","3.79","3.81","3.82","3.78","185.28K","-0.89%"
"Apr 23, 2020","3.83","3.79","3.84","3.75","137.94K","2.23%"
"Apr 22, 2020","3.74","3.69","3.76","3.69","215.77K","2.02%"
"Apr 21, 2020","3.67","3.78","3.78","3.67","228.23K","-3.82%"
"Apr 20, 2020","3.81","3.82","3.82","3.74","294.05K","0.90%"
"Apr 17, 2020","3.78","3.83","3.83","3.76","339.59K","2.68%"
"Apr 16, 2020","3.68","3.74","3.74","3.65","517.55K","0.30%"
"Apr 15, 2020","3.67","3.80","3.80","3.66","1.03M","-3.38%"
"Apr 14, 2020","3.80","3.85","3.85","3.77","468.88K","0.00%"
"Apr 09, 2020","3.80","3.76","3.84","3.69","355.21K","3.69%"
"Apr 08, 2020","3.66","3.59","3.67","3.56","272.33K","0.43%"
"Apr 07, 2020","3.65","3.63","3.70","3.59","1.03M","4.41%"
"Apr 06, 2020","3.49","3.47","3.53","3.45","825.13K","4.27%"
"Apr 03, 2020","3.35","3.37","3.41","3.35","479.04K","-2.09%"
"Apr 02, 2020","3.42","3.43","3.44","3.35","267.58K","0.38%"
"Apr 01, 2020","3.41","3.42","3.44","3.39","318.87K","-4.38%"
"Mar 31, 2020","3.56","3.56","3.57","3.50","194.04K","2.00%"
"Mar 30, 2020","3.49","3.46","3.51","3.41","289.23K","0.88%"
"Mar 27, 2020","3.46","3.54","3.54","3.44","239.54K","-3.08%"
"Mar 26, 2020","3.57","3.38","3.58","3.34","246.22K","2.30%"
"Mar 25, 2020","3.49","3.42","3.49","3.31","369.87K","3.84%"
"Mar 24, 2020","3.36","3.27","3.36","3.22","238.88K","9.54%"
"Mar 23, 2020","3.07","3.10","3.26","3.03","649.81K","-5.13%"
"Mar 20, 2020","3.24","3.37","3.42","3.24","175.99K","2.26%"
"Mar 19, 2020","3.16","3.11","3.22","3.02","274.02K","1.52%"
"Mar 18, 2020","3.12","3.23","3.23","3.11","838.87K","-5.10%"
"Mar 17, 2020","3.29","3.42","3.42","3.17","748.70K","-0.67%"
"Mar 16, 2020","3.31","3.42","3.42","3.17","477.30K","-4.21%"
"Mar 13, 2020","3.45","3.50","3.63","3.40","232.44K","1.16%"
"Mar 12, 2020","3.41","3.70","3.70","3.38","617.29K","-11.13%"
"Mar 11, 2020","3.84","3.92","3.93","3.83","197.06K","-0.81%"
"Mar 10, 2020","3.87","3.92","4.06","3.83","418.40K","-0.92%"
"Mar 09, 2020","3.91","4.00","4.04","3.89","690.84K","-7.72%"
"Mar 06, 2020","4.24","4.32","4.33","4.19","168.82K","-4.02%"
"Mar 05, 2020","4.41","4.51","4.51","4.39","191.14K","-1.57%"
"Mar 04, 2020","4.48","4.45","4.51","4.44","198.66K","0.76%"
"Mar 03, 2020","4.45","4.47","4.53","4.42","338.53K","0.79%"
"Mar 02, 2020","4.41","4.48","4.48","4.31","235.02K","0.82%"
"Feb 28, 2020","4.38","4.40","4.45","4.33","406.94K","-4.23%"
"Feb 27, 2020","4.57","4.66","4.67","4.50","548.58K","-4.39%"
"Feb 26, 2020","4.78","4.79","4.81","4.68","261.01K","-0.65%"
"Feb 25, 2020","4.81","4.95","4.95","4.80","212.24K","-1.72%"
"Feb 24, 2020","4.90","4.97","4.97","4.89","288.08K","-3.39%"
"Feb 21, 2020","5.07","5.09","5.11","5.05","236.42K","-0.53%"
"Feb 20, 2020","5.10","5.14","5.14","5.10","87.93K","-0.80%"
"Feb 19, 2020","5.14","5.12","5.14","5.12","148.04K","0.82%"
"Feb 18, 2020","5.09","5.09","5.12","5.09","183.63K","-0.57%"
"Feb 17, 2020","5.12","5.13","5.13","5.11","83.65K","0.00%"
"Feb 14, 2020","5.12","5.14","5.14","5.11","107.48K","0.16%"
"Feb 13, 2020","5.11","5.09","5.11","5.07","81.48K","0.57%"
"Feb 12, 2020","5.09","5.07","5.09","5.07","224.49K","0.55%"
"Feb 11, 2020","5.06","5.04","5.07","5.03","179.51K","0.96%"
"Feb 10, 2020","5.01","4.99","5.01","4.97","99.16K","0.16%"
"Feb 07, 2020","5.00","5.02","5.02","4.99","119.20K","-0.52%"
"Feb 06, 2020","5.03","5.05","5.05","5.02","64.00K","0.40%"
"Feb 05, 2020","5.01","4.95","5.01","4.95","202.01K","1.09%"
"Feb 04, 2020","4.95","4.91","4.95","4.91","95.92K","1.93%"
"Feb 03, 2020","4.86","4.85","4.89","4.83","332.04K","0.38%"
"Jan 31, 2020","4.84","4.93","4.93","4.83","233.06K","-1.40%"
"Jan 30, 2020","4.91","4.91","4.92","4.89","146.43K","-1.22%"
"Jan 29, 2020","4.97","4.97","4.98","4.96","74.35K","0.00%"
"Jan 28, 2020","4.97","4.96","4.97","4.92","67.59K","0.94%"
"Jan 27, 2020","4.92","4.95","4.95","4.91","173.27K","-1.86%"
"Jan 24, 2020","5.02","5.04","5.06","5.02","100.64K","0.10%"
"Jan 23, 2020","5.01","5.02","5.02","4.99","110.12K","-0.36%"
"Jan 22, 2020","5.03","5.05","5.05","5.03","56.95K","0.00%"
"Jan 21, 2020","5.03","5.02","5.03","5.00","1.06M","-0.34%"
"Jan 20, 2020","5.04","5.04","5.05","5.03","71.49K","0.00%"
"Jan 17, 2020","5.04","5.04","5.06","5.04","123.73K","0.54%"
"Jan 16, 2020","5.01","5.01","5.03","4.99","4.87M","0.45%"
"Jan 15, 2020","4.99","4.99","4.99","4.96","178.44K","0.24%"
"Jan 14, 2020","4.98","4.97","4.98","4.95","77.38K","0.40%"
"Jan 13, 2020","4.96","4.97","4.98","4.94","67.85K","0.00%"
"Jan 10, 2020","4.96","4.99","4.99","4.96","105.09K","-0.40%"
"Jan 09, 2020","4.98","4.99","4.99","4.96","49.73K","0.33%"
"Jan 08, 2020","4.96","4.94","4.96","4.92","335.41K","0.25%"
"Jan 07, 2020","4.95","4.95","4.96","4.93","85.75K","0.54%"
"Jan 06, 2020","4.92","4.93","4.93","4.89","148.47K","-0.31%"
"Jan 03, 2020","4.94","4.93","4.95","4.91","103.83K","0.00%"
"Jan 02, 2020","4.94","4.97","4.99","4.94","183.29K","-0.39%"
"Dec 30, 2019","4.96","4.97","4.97","4.94","62.90K","0.00%"
"Dec 27, 2019","4.96","5.01","5.01","4.95","204.33K","-0.26%"
"Dec 23, 2019","4.97","4.98","4.99","4.97","120.79K","-0.20%"
"Dec 20, 2019","4.98","4.95","4.99","4.93","180.17K","1.19%"
"Dec 19, 2019","4.93","4.94","4.94","4.91","77.14K","0.33%"
"Dec 18, 2019","4.91","4.92","4.92","4.89","92.68K","0.43%"
"Dec 17, 2019","4.89","4.92","4.92","4.89","79.46K","-0.58%"
"Dec 16, 2019","4.92","4.91","4.92","4.88","58.86K","1.12%"
"Dec 13, 2019","4.86","4.90","4.91","4.85","91.59K","0.21%"
"Dec 12, 2019","4.85","4.86","4.87","4.83","35.21K","0.28%"
"Dec 11, 2019","4.84","4.87","4.87","4.83","87.65K","-0.41%"
"Dec 10, 2019","4.86","4.87","4.87","4.83","64.96K","-0.29%"
"Dec 09, 2019","4.87","4.88","4.88","4.87","117.65K","-0.34%"
"Dec 06, 2019","4.89","4.84","4.89","4.83","37.23K","1.51%"
"Dec 05, 2019","4.82","4.84","4.84","4.82","79.23K","0.00%"
"Dec 04, 2019","4.82","4.78","4.83","4.78","85.95K","1.42%"
"Dec 03, 2019","4.75","4.82","4.82","4.75","404.26K","-0.65%"
"Dec 02, 2019","4.78","4.88","4.88","4.78","51.04K","-1.51%"
"Nov 29, 2019","4.86","4.88","4.88","4.85","67.51K","-0.46%"
"Nov 28, 2019","4.88","4.88","4.88","4.87","35.66K","0.00%"
"Nov 27, 2019","4.88","4.89","4.89","4.87","149.11K","0.39%"
"Nov 26, 2019","4.87","4.88","4.88","4.83","109.17K","0.56%"
"Nov 25, 2019","4.84","4.82","4.84","4.80","75.98K","1.19%"
"Nov 22, 2019","4.78","4.78","4.79","4.77","64.78K","0.58%"
"Nov 21, 2019","4.75","4.78","4.79","4.75","149.65K","-0.88%"
"Nov 20, 2019","4.80","4.79","4.80","4.76","67.23K","0.20%"
"Nov 19, 2019","4.79","4.81","4.81","4.77","135.44K","0.00%"
"Nov 18, 2019","4.79","4.81","4.81","4.78","47.55K","-0.24%"
"Nov 15, 2019","4.80","4.81","4.81","4.79","57.56K","0.31%"
"Nov 14, 2019","4.78","4.79","4.79","4.78","29.88K","0.00%"
"Nov 13, 2019","4.78","4.80","4.80","4.76","81.97K","-0.39%"
"Nov 12, 2019","4.80","4.81","4.81","4.78","134.80K","0.52%"
"Nov 11, 2019","4.78","4.77","4.79","4.76","33.64K","-0.16%"
"Nov 08, 2019","4.78","4.77","4.79","4.76","48.85K","0.00%"
"Nov 07, 2019","4.79","4.79","4.79","4.78","70.74K","0.77%"
"Nov 06, 2019","4.75","4.76","4.76","4.74","77.88K","-0.39%"
"Nov 05, 2019","4.77","4.75","4.77","4.74","125.68K","0.90%"
"Nov 04, 2019","4.73","4.72","4.74","4.72","68.31K","0.69%"
"Nov 01, 2019","4.70","4.66","4.70","4.66","98.15K","1.21%"
"Oct 31, 2019","4.64","4.66","4.67","4.63","59.49K","-0.51%"
"Oct 30, 2019","4.66","4.69","4.69","4.66","32.14K","-0.57%"
"Oct 29, 2019","4.69","4.69","4.69","4.67","110.51K","0.12%"
"Oct 28, 2019","4.68","4.68","4.69","4.67","44.76K","0.25%"
"Oct 25, 2019","4.67","4.65","4.67","4.63","11.72K","0.64%"
"Oct 24, 2019","4.64","4.64","4.64","4.63","19.70K","0.30%"
"Oct 23, 2019","4.63","4.62","4.64","4.61","80.67K","0.27%"
"Oct 22, 2019","4.62","4.63","4.63","4.62","36.99K","-0.22%"
"Oct 21, 2019","4.63","4.60","4.63","4.60","74.29K","0.92%"
"Oct 18, 2019","4.59","4.59","4.61","4.59","8.28K","-0.32%"
"Oct 17, 2019","4.60","4.59","4.62","4.59","27.69K","0.00%"
"Oct 16, 2019","4.60","4.61","4.61","4.59","24.66K","-0.23%"
"Oct 15, 2019","4.61","4.60","4.62","4.59","55.11K","0.81%"
"Oct 14, 2019","4.57","4.59","4.59","4.55","35.92K","-0.76%"
"Oct 11, 2019","4.61","4.53","4.61","4.53","262.50K","1.88%"
"Oct 10, 2019","4.53","4.51","4.53","4.49","67.42K","0.33%"
"Oct 09, 2019","4.51","4.51","4.53","4.50","21.04K","0.13%"
"Oct 08, 2019","4.50","4.56","4.56","4.50","45.12K","-1.13%"
"Oct 07, 2019","4.56","4.53","4.56","4.53","42.54K","0.59%"
"Oct 04, 2019","4.53","4.51","4.54","4.50","398.70K","0.98%"
"Oct 02, 2019","4.49","4.58","4.58","4.49","126.74K","-2.67%"
"Oct 01, 2019","4.61","4.66","4.66","4.61","84.24K","-0.36%"
"Sep 30, 2019","4.62","4.62","4.63","4.61","30.33K","0.00%"
"Sep 27, 2019","4.63","4.65","4.65","4.62","88.58K","0.00%"
"Sep 26, 2019","4.63","4.65","4.67","4.63","16.70K","0.00%"
"Sep 25, 2019","4.63","4.63","4.63","4.59","114.80K","-0.17%"
"Sep 24, 2019","4.64","4.68","4.68","4.64","53.09K","-0.33%"
"Sep 23, 2019","4.65","4.67","4.67","4.63","108.94K","-0.43%"
"Sep 20, 2019","4.67","4.65","4.67","4.64","36.55K","0.00%"
"Sep 19, 2019","4.67","4.64","4.67","4.63","25.71K","1.00%"
"Sep 18, 2019","4.62","4.65","4.65","4.62","27.83K","-0.37%"
"Sep 17, 2019","4.64","4.66","4.67","4.63","23.97K","-0.58%"
"Sep 16, 2019","4.67","4.64","4.67","4.63","273.08K","0.32%"
"Sep 13, 2019","4.65","4.64","4.66","4.63","234.10K","0.48%"
"Sep 12, 2019","4.63","4.65","4.67","4.63","30.55K","0.14%"
"Sep 11, 2019","4.62","4.59","4.62","4.58","31.17K","1.64%"
"Sep 10, 2019","4.55","4.53","4.55","4.53","8.96K","0.00%"
"Sep 09, 2019","4.54","4.56","4.56","4.52","83.76K","0.00%"
"Sep 06, 2019","4.54","4.55","4.55","4.53","20.94K","0.39%"
"Sep 05, 2019","4.53","4.52","4.53","4.50","82.40K","1.09%"
"Sep 04, 2019","4.48","4.49","4.49","4.47","50.79K","0.53%"
"Sep 03, 2019","4.45","4.47","4.50","4.45","392.82K","-0.71%"
"Sep 02, 2019","4.49","4.50","4.50","4.48","123.03K","0.00%"
"Aug 30, 2019","4.48","4.47","4.50","4.47","77.85K","0.72%"
"Aug 29, 2019","4.45","4.40","4.46","4.40","644.03K","0.94%"
"Aug 28, 2019","4.41","4.39","4.41","4.37","62.22K","0.00%"
"Aug 27, 2019","4.41","4.40","4.44","4.39","90.65K","0.15%"
"Aug 26, 2019","4.40","4.39","4.43","4.38","96.14K","0.00%"
"Aug 23, 2019","4.40","4.47","4.49","4.40","85.66K","-1.25%"
"Aug 22, 2019","4.46","4.47","4.48","4.45","31.24K","-0.19%"
"Aug 21, 2019","4.46","4.45","4.47","4.45","26.74K","0.51%"
"Aug 20, 2019","4.44","4.47","4.47","4.44","36.59K","-0.37%"
"Aug 19, 2019","4.46","4.43","4.46","4.43","65.93K","1.25%"
"Aug 16, 2019","4.40","4.34","4.40","4.34","20.30K","1.52%"
"Aug 15, 2019","4.34","4.40","4.40","4.30","66.70K","-0.47%"
"Aug 14, 2019","4.36","4.42","4.42","4.35","46.22K","-1.63%"
"Aug 13, 2019","4.43","4.38","4.44","4.36","24.14K","0.78%"
"Aug 12, 2019","4.40","4.46","4.47","4.40","9.38K","-0.75%"
"Aug 09, 2019","4.43","4.48","4.48","4.43","57.99K","-0.61%"
"Aug 08, 2019","4.46","4.42","4.46","4.40","48.13K","2.03%"
"Aug 07, 2019","4.37","4.40","4.42","4.33","81.82K","0.23%"
"Aug 06, 2019","4.36","4.37","4.41","4.36","209.21K","-0.49%"
"Aug 05, 2019","4.38","4.47","4.47","4.38","109.49K","-2.57%"
"Aug 02, 2019","4.49","4.57","4.57","4.49","291.40K","-3.46%"
"Aug 01, 2019","4.66","4.64","4.66","4.63","48.26K","0.28%"
"Jul 31, 2019","4.64","4.63","4.64","4.62","26.48K","0.87%"
"Jul 30, 2019","4.60","4.62","4.62","4.59","34.06K","-0.41%"
"Jul 29, 2019","4.62","4.64","4.65","4.62","74.24K","-0.40%"
"Jul 26, 2019","4.64","4.60","4.64","4.60","42.11K","0.43%"
"Jul 25, 2019","4.62","4.66","4.67","4.61","17.02K","0.16%"
"Jul 24, 2019","4.61","4.61","4.62","4.59","11.67K","0.76%"
"Jul 23, 2019","4.58","4.58","4.59","4.56","40.02K","0.76%"
"Jul 22, 2019","4.54","4.53","4.55","4.53","102.36K","-0.37%"
"Jul 19, 2019","4.56","4.56","4.57","4.55","112.09K","0.86%"
"Jul 18, 2019","4.52","4.53","4.54","4.52","49.74K","-0.72%"
"Jul 17, 2019","4.55","4.58","4.58","4.55","555.95K","-0.63%"
"Jul 16, 2019","4.58","4.56","4.59","4.56","59.42K","0.42%"
"Jul 15, 2019","4.56","4.59","4.59","4.56","144.05K","0.00%"
"Jul 12, 2019","4.57","4.55","4.57","4.54","146.03K","0.67%"
"Jul 11, 2019","4.54","4.56","4.56","4.54","40.75K","0.00%"
"Jul 10, 2019","4.54","4.55","4.57","4.54","10.07K","0.00%"
"Jul 09, 2019","4.54","4.55","4.55","4.53","15.35K","-0.58%"
"Jul 08, 2019","4.56","4.59","4.59","4.56","58.80K","-0.25%"
"Jul 05, 2019","4.57","4.59","4.59","4.56","97.89K","-0.29%"
"Jul 04, 2019","4.59","4.59","4.59","4.57","9.47K","0.37%"
"Jul 03, 2019","4.57","4.55","4.57","4.55","43.64K","1.11%"
"Jul 02, 2019","4.52","4.55","4.55","4.52","60.72K","0.12%"
"Jul 01, 2019","4.51","4.55","4.56","4.51","57.95K","1.09%"
"Jun 28, 2019","4.47","4.45","4.47","4.44","31.65K","1.29%"
"Jun 27, 2019","4.41","4.42","4.42","4.39","38.61K","0.42%"
"Jun 26, 2019","4.39","4.41","4.41","4.39","40.57K","-0.36%"
"Jun 25, 2019","4.41","4.40","4.42","4.40","34.63K","-0.38%"
"Jun 24, 2019","4.42","4.47","4.47","4.42","16.30K","-1.17%"
"Jun 21, 2019","4.48","4.50","4.50","4.46","42.72K","-0.44%"
"Jun 20, 2019","4.50","4.50","4.52","4.50","92.83K","0.37%"
"Jun 19, 2019","4.48","4.50","4.50","4.47","44.05K","0.00%"
"Jun 18, 2019","4.48","4.43","4.50","4.40","104.07K","1.45%"
"Jun 17, 2019","4.42","4.44","4.44","4.41","46.84K","-0.26%"
"Jun 14, 2019","4.43","4.44","4.44","4.42","21.66K","0.23%"
"Jun 13, 2019","4.42","4.41","4.43","4.41","23.26K","0.76%"
"Jun 12, 2019","4.39","4.39","4.40","4.39","28.99K","-0.41%"
"Jun 11, 2019","4.41","4.41","4.44","4.41","27.89K","0.75%"
"Jun 07, 2019","4.37","4.39","4.39","4.37","23.44K","0.56%"
"Jun 06, 2019","4.35","4.38","4.39","4.35","22.39K","-0.29%"
"Jun 05, 2019","4.36","4.37","4.39","4.35","10.57K","0.45%"
"Jun 04, 2019","4.34","4.30","4.35","4.28","78.67K","0.99%"
"Jun 03, 2019","4.30","4.31","4.31","4.27","30.34K","-0.59%"
"May 31, 2019","4.32","4.34","4.34","4.30","87.22K","-0.87%"
"May 30, 2019","4.36","4.38","4.39","4.36","14.27K","0.22%"
"May 29, 2019","4.35","4.39","4.39","4.35","38.74K","-1.17%"
"May 28, 2019","4.40","4.43","4.43","4.40","20.72K","0.00%"
"May 27, 2019","4.41","4.40","4.42","4.40","6.55K","0.44%"
"May 24, 2019","4.39","4.40","4.41","4.39","41.67K","0.00%"
"May 23, 2019","4.39","4.44","4.44","4.39","28.04K","-1.41%"
"May 22, 2019","4.45","4.48","4.48","4.45","28.22K","-0.40%"
"May 21, 2019","4.47","4.44","4.48","4.44","38.44K","0.87%"
"May 20, 2019","4.43","4.49","4.49","4.43","136.79K","-1.39%"
"May 17, 2019","4.50","4.51","4.51","4.48","49.60K","-0.68%"
"May 16, 2019","4.53","4.48","4.53","4.46","71.84K","1.23%"
"May 15, 2019","4.47","4.47","4.47","4.43","42.85K","0.36%"
"May 14, 2019","4.46","4.40","4.46","4.40","43.09K","1.16%"
"May 13, 2019","4.41","4.48","4.48","4.40","40.74K","-1.07%"
"May 10, 2019","4.45","4.50","4.51","4.45","16.02K","0.00%"
"May 09, 2019","4.45","4.51","4.51","4.45","74.91K","-1.80%"
"May 08, 2019","4.54","4.54","4.55","4.53","31.52K","-0.58%"
"May 07, 2019","4.56","4.61","4.61","4.56","53.53K","-0.63%"
"May 06, 2019","4.59","4.56","4.59","4.55","148.14K","-0.48%"
"May 03, 2019","4.61","4.58","4.62","4.58","161.57K","1.10%"
"May 02, 2019","4.56","4.59","4.59","4.56","33.99K","-0.79%"
"Apr 30, 2019","4.60","4.63","4.63","4.60","47.48K","-0.83%"
"Apr 29, 2019","4.64","4.61","4.64","4.61","77.70K","0.65%"
"Apr 26, 2019","4.61","4.60","4.61","4.59","20.27K","0.00%"
"Apr 25, 2019","4.61","4.62","4.62","4.59","46.18K","-0.12%"
"Apr 24, 2019","4.61","4.60","4.61","4.58","58.69K","0.51%"
"Apr 23, 2019","4.59","4.55","4.59","4.53","30.52K","1.01%"
"Apr 18, 2019","4.54","4.52","4.55","4.52","16.86K","0.25%"
"Apr 17, 2019","4.53","4.55","4.56","4.53","47.66K","-0.63%"
"Apr 16, 2019","4.56","4.57","4.57","4.55","6.10K","0.18%"
"Apr 15, 2019","4.55","4.56","4.56","4.54","39.45K","0.23%"
"Apr 12, 2019","4.54","4.52","4.55","4.52","53.72K","0.20%"
"Apr 11, 2019","4.53","4.54","4.54","4.53","39.21K","0.20%"
"Apr 10, 2019","4.52","4.52","4.53","4.51","92.32K","0.31%"
"Apr 09, 2019","4.51","4.53","4.54","4.50","103.93K","-0.60%"
"Apr 08, 2019","4.54","4.56","4.56","4.52","74.43K","-0.34%"
"Apr 05, 2019","4.55","4.55","4.55","4.53","48.56K","0.70%"
"Apr 04, 2019","4.52","4.54","4.54","4.52","13.95K","-0.20%"
"Apr 03, 2019","4.53","4.53","4.54","4.51","39.55K","0.62%"
"Apr 02, 2019","4.50","4.51","4.52","4.50","105.48K","0.00%"
"Apr 01, 2019","4.50","4.49","4.51","4.49","17.67K","1.12%"
"Mar 29, 2019","4.45","4.45","4.47","4.45","23.60K","0.75%"
"Mar 28, 2019","4.42","4.41","4.43","4.41","7.45K","0.45%"
"Mar 27, 2019","4.40","4.43","4.43","4.38","91.18K","-0.19%"
"Mar 26, 2019","4.40","4.39","4.42","4.38","73.95K","1.14%"
"Mar 25, 2019","4.36","4.35","4.36","4.33","32.67K","-0.46%"
"Mar 22, 2019","4.38","4.45","4.46","4.38","19.91K","-1.59%"
"Mar 21, 2019","4.45","4.39","4.46","4.38","5.19K","1.00%"
"Mar 20, 2019","4.40","4.45","4.45","4.40","45.96K","-1.49%"
"Mar 19, 2019","4.47","4.46","4.47","4.45","13.68K","0.76%"
"Mar 18, 2019","4.43","4.42","4.45","4.42","15.04K","-0.30%"
"Mar 15, 2019","4.45","4.43","4.45","4.43","19.41K","0.43%"
"Mar 14, 2019","4.43","4.43","4.44","4.42","12.92K","0.00%"
"Mar 13, 2019","4.43","4.42","4.43","4.42","2.02K","0.46%"
"Mar 12, 2019","4.41","4.44","4.44","4.41","10.08K","0.17%"
"Mar 11, 2019","4.40","4.39","4.41","4.36","19.66K","1.16%"
"Mar 08, 2019","4.35","4.38","4.38","4.34","7.50K","-1.23%"
"Mar 07, 2019","4.41","4.40","4.41","4.37","13.41K","-0.17%"
"Mar 06, 2019","4.41","4.46","4.46","4.41","16.03K","-1.10%"
"Mar 05, 2019","4.46","4.46","4.47","4.45","36.69K","0.11%"
"Mar 04, 2019","4.46","4.46","4.49","4.46","17.49K","0.41%"
"Mar 01, 2019","4.44","4.45","4.46","4.44","33.32K","0.18%"
"Feb 28, 2019","4.43","4.42","4.43","4.41","19.73K","0.15%"
"Feb 27, 2019","4.43","4.42","4.43","4.40","88.50K","-0.44%"
"Feb 26, 2019","4.45","4.45","4.46","4.44","7.41K","-0.45%"
"Feb 25, 2019","4.47","4.47","4.48","4.45","82.42K","0.45%"
"Feb 22, 2019","4.45","4.45","4.46","4.43","49.21K","0.24%"
"Feb 21, 2019","4.43","4.45","4.45","4.43","23.53K","-0.14%"
"Feb 20, 2019","4.44","4.42","4.45","4.42","65.21K","0.24%"
"Feb 19, 2019","4.43","4.44","4.44","4.42","47.31K","0.00%"
"Feb 18, 2019","4.43","4.43","4.43","4.42","39.26K","0.00%"
"Feb 15, 2019","4.44","4.38","4.44","4.38","31.06K","1.45%"
"Feb 14, 2019","4.38","4.40","4.40","4.37","34.48K","0.00%"
"Feb 13, 2019","4.37","4.36","4.39","4.36","48.46K","0.67%"
"Feb 12, 2019","4.34","4.33","4.35","4.33","15.57K","0.95%"
"Feb 11, 2019","4.30","4.28","4.31","4.28","35.41K","1.24%"
"Feb 08, 2019","4.25","4.28","4.28","4.25","153.85K","-0.25%"
"Feb 07, 2019","4.26","4.31","4.32","4.26","49.04K","-1.30%"
"Feb 06, 2019","4.32","4.31","4.32","4.30","53.27K","0.00%"
"Feb 05, 2019","4.31","4.30","4.32","4.29","60.45K","0.92%"
"Feb 04, 2019","4.27","4.26","4.27","4.25","34.37K","0.99%"
"Feb 01, 2019","4.23","4.24","4.25","4.22","70.89K","0.12%"
"Jan 31, 2019","4.23","4.21","4.23","4.19","33.03K","0.80%"
"Jan 30, 2019","4.19","4.18","4.20","4.18","35.04K","0.23%"
"Jan 29, 2019","4.18","4.17","4.21","4.16","18.03K","0.16%"
"Jan 28, 2019","4.18","4.19","4.19","4.16","32.27K","-0.55%"
"Jan 25, 2019","4.20","4.19","4.21","4.18","34.77K","1.40%"
"Jan 24, 2019","4.14","4.13","4.16","4.13","24.21K","0.38%"
"Jan 23, 2019","4.13","4.14","4.17","4.13","28.52K","-0.89%"
"Jan 22, 2019","4.16","4.17","4.18","4.16","30.39K","-0.43%"
"Jan 21, 2019","4.18","4.18","4.18","4.18","28.36K","-0.32%"
"Jan 18, 2019","4.20","4.16","4.20","4.15","35.37K","1.70%"
"Jan 17, 2019","4.13","4.10","4.13","4.10","38.52K","0.13%"
"Jan 16, 2019","4.12","4.09","4.13","4.09","18.47K","1.12%"
"Jan 15, 2019","4.07","4.07","4.08","4.06","25.73K","0.88%"
"Jan 14, 2019","4.04","4.04","4.04","4.03","58.36K","-0.35%"
"Jan 11, 2019","4.05","4.06","4.06","4.04","31.60K","0.32%"
"Jan 10, 2019","4.04","4.02","4.04","4.01","73.22K","0.16%"
"Jan 09, 2019","4.03","4.04","4.07","4.03","44.00K","0.72%"
"Jan 08, 2019","4.01","3.99","4.02","3.99","27.37K","0.72%"
"Jan 07, 2019","3.98","3.95","3.98","3.93","21.91K","1.38%"
"Jan 04, 2019","3.92","3.87","3.93","3.87","40.34K","1.62%"
"Jan 03, 2019","3.86","3.86","3.88","3.82","31.23K","-0.83%"
"Jan 02, 2019","3.89","3.83","3.90","3.79","40.68K","1.34%"
"Dec 28, 2018","3.84","3.84","3.85","3.80","31.08K","1.95%"
"Dec 27, 2018","3.77","3.83","3.83","3.75","12.70K","-0.70%"
"Dec 21, 2018","3.79","3.80","3.82","3.79","42.31K","-0.62%"
"Dec 20, 2018","3.82","3.82","3.84","3.82","51.01K","-2.58%"
"Dec 19, 2018","3.92","3.92","3.93","3.92","18.51K","-0.62%"
"Dec 18, 2018","3.94","3.94","3.96","3.94","85.06K","-1.44%"
"Dec 17, 2018","4.00","4.02","4.02","3.98","36.23K","-1.59%"
"Dec 14, 2018","4.07","4.04","4.07","4.04","24.08K","-0.72%"
"Dec 13, 2018","4.09","4.15","4.15","4.09","13.08K","-0.61%"
"Dec 12, 2018","4.12","4.09","4.13","4.09","20.48K","0.71%"
"Dec 11, 2018","4.09","4.05","4.11","4.04","28.83K","1.61%"
"Dec 10, 2018","4.03","4.07","4.07","4.02","23.34K","-2.25%"
"Dec 07, 2018","4.12","4.13","4.16","4.12","89.65K","0.99%"
"Dec 06, 2018","4.08","4.16","4.16","4.07","47.04K","-2.62%"
"Dec 05, 2018","4.19","4.19","4.21","4.19","8.99K","-1.53%"
"Dec 04, 2018","4.25","4.29","4.29","4.25","35.57K","-0.97%"
"Dec 03, 2018","4.29","4.35","4.35","4.29","26.09K","0.67%"
"Nov 30, 2018","4.26","4.25","4.27","4.24","5.98K","0.41%"
"Nov 29, 2018","4.25","4.26","4.26","4.23","2.85K","0.52%"
"Nov 28, 2018","4.23","4.22","4.24","4.22","9.10K","0.51%"
"Nov 27, 2018","4.20","4.21","4.22","4.20","4.65K","0.12%"
"Nov 26, 2018","4.20","4.19","4.22","4.18","11.39K","0.53%"
"Nov 23, 2018","4.18","4.11","4.18","4.11","3.71K","1.38%"
"Nov 22, 2018","4.12","4.15","4.15","4.12","10.00K","-0.93%"
"Nov 21, 2018","4.16","4.12","4.16","4.11","10.80K","0.85%"
"Nov 20, 2018","4.12","4.14","4.14","4.10","61.83K","-1.41%"
"Nov 19, 2018","4.18","4.24","4.24","4.18","9.46K","-0.65%"
"Nov 16, 2018","4.21","4.23","4.24","4.20","8.22K","-0.32%"
"Nov 15, 2018","4.22","4.24","4.24","4.21","8.51K","-0.41%"
"Nov 14, 2018","4.24","4.25","4.28","4.24","5.60K","-1.41%"
"Nov 13, 2018","4.30","4.30","4.32","4.27","85.63K","0.00%"
"Nov 12, 2018","4.30","4.38","4.38","4.30","35.41K","-1.00%"
"Nov 09, 2018","4.34","4.38","4.38","4.34","13.11K","-0.55%"
"Nov 08, 2018","4.37","4.38","4.38","4.36","20.39K","0.75%"
"Nov 07, 2018","4.34","4.33","4.34","4.32","81.38K","1.01%"
"Nov 06, 2018","4.29","4.30","4.31","4.29","13.61K","0.15%"
"Nov 05, 2018","4.29","4.31","4.32","4.29","8.90K","-0.12%"
"Nov 02, 2018","4.29","4.33","4.33","4.29","67.42K","0.53%"
"Nov 01, 2018","4.27","4.25","4.27","4.25","28.69K","0.33%"
"Oct 31, 2018","4.26","4.23","4.28","4.23","20.62K","1.87%"
"Oct 30, 2018","4.18","4.17","4.19","4.14","8.87K","0.30%"
"Oct 29, 2018","4.16","4.15","4.20","4.14","17.48K","0.69%"
"Oct 26, 2018","4.14","4.16","4.16","4.09","39.08K","-1.44%"
"Oct 25, 2018","4.20","4.14","4.20","4.14","31.45K","-0.24%"
"Oct 24, 2018","4.21","4.23","4.25","4.21","3.23K","0.13%"
"Oct 23, 2018","4.20","4.24","4.24","4.19","12.06K","-2.15%"
"Oct 22, 2018","4.29","4.30","4.31","4.28","17.05K","-0.58%"
"Oct 19, 2018","4.32","4.33","4.34","4.32","2.02K","-0.44%"
"Oct 18, 2018","4.34","4.38","4.38","4.34","10.08K","-0.38%"
"Oct 17, 2018","4.35","4.39","4.39","4.35","19.63K","0.38%"
"Oct 16, 2018","4.34","4.27","4.34","4.27","33.74K","1.50%"
"Oct 15, 2018","4.27","4.26","4.28","4.25","16.62K","-0.20%"
"Oct 12, 2018","4.28","4.32","4.32","4.28","12.56K","0.00%"
"Oct 11, 2018","4.28","4.33","4.33","4.27","22.41K","-2.19%"
"Oct 10, 2018","4.38","4.48","4.48","4.38","20.54K","-2.35%"
"Oct 09, 2018","4.48","4.49","4.49","4.47","10.68K","0.00%"
"Oct 08, 2018","4.48","4.50","4.50","4.48","19.03K","-0.54%"
"Oct 05, 2018","4.50","4.55","4.55","4.50","43.69K","-1.13%"
"Oct 04, 2018","4.55","4.63","4.63","4.55","22.10K","-0.35%"
"Oct 02, 2018","4.57","4.60","4.60","4.57","48.16K","-0.91%"
"Oct 01, 2018","4.61","4.61","4.63","4.60","11.03K","0.39%"
"Sep 28, 2018","4.59","4.59","4.61","4.59","6.31K","0.00%"
"Sep 27, 2018","4.59","4.57","4.59","4.55","15.17K","0.44%"
"Sep 26, 2018","4.57","4.59","4.59","4.57","3.97K","-0.22%"
"Sep 25, 2018","4.58","4.58","4.58","4.57","14.18K","0.66%"
"Sep 24, 2018","4.55","4.58","4.58","4.55","21.37K","-0.87%"
"Sep 21, 2018","4.59","4.59","4.60","4.59","14.01K","0.22%"
"Sep 20, 2018","4.58","4.59","4.59","4.58","13.45K","-0.43%"
"Sep 19, 2018","4.60","4.60","4.61","4.60","6.05K","0.22%"
"Sep 18, 2018","4.59","4.58","4.60","4.58","7.63K","0.00%"
"Sep 17, 2018","4.59","4.62","4.62","4.59","3.59K","-0.43%"
"Sep 14, 2018","4.61","4.59","4.61","4.59","15.62K","0.66%"
"Sep 13, 2018","4.58","4.60","4.61","4.58","28.95K","-0.22%"
"Sep 12, 2018","4.59","4.61","4.61","4.58","9.93K","0.00%"
"Sep 11, 2018","4.59","4.58","4.61","4.58","39.23K","0.00%"
"Sep 10, 2018","4.59","4.61","4.61","4.59","5.17K","0.00%"
"Sep 07, 2018","4.59","4.58","4.59","4.57","20.18K","0.00%"
"Sep 06, 2018","4.59","4.62","4.62","4.59","21.33K","-0.22%"
"Sep 05, 2018","4.60","4.64","4.64","4.59","20.29K","-0.86%"
"Sep 04, 2018","4.64","4.68","4.68","4.64","48.82K","-0.22%"
"Sep 03, 2018","4.65","4.67","4.67","4.65","48.50K","0.00%"
"Aug 31, 2018","4.65","4.64","4.65","4.63","18.66K","0.22%"
"Aug 30, 2018","4.64","4.63","4.65","4.63","3.12K","0.22%"
"Aug 29, 2018","4.63","4.64","4.64","4.63","24.01K","0.43%"
"Aug 28, 2018","4.61","4.64","4.64","4.61","13.54K","-0.65%"
"Aug 27, 2018","4.64","4.65","4.66","4.64","25.29K","0.65%"
"Aug 24, 2018","4.61","4.62","4.62","4.61","18.45K","0.00%"
"Aug 23, 2018","4.61","4.63","4.63","4.61","3.36K","0.00%"
"Aug 22, 2018","4.61","4.61","4.61","4.60","25.16K","-0.22%"
"Aug 21, 2018","4.62","4.60","4.62","4.60","11.14K","0.22%"
"Aug 20, 2018","4.61","4.62","4.62","4.61","59.82K","0.22%"
"Aug 17, 2018","4.60","4.61","4.61","4.59","30.73K","-0.22%"
"Aug 16, 2018","4.61","4.61","4.61","4.59","3.39K","0.44%"
"Aug 15, 2018","4.59","4.65","4.65","4.59","14.93K","-1.08%"
"Aug 14, 2018","4.64","4.62","4.64","4.61","15.11K","0.65%"
"Aug 13, 2018","4.61","4.66","4.66","4.61","0.99K","-0.65%"
"Aug 10, 2018","4.64","4.61","4.64","4.60","27.55K","0.65%"
"Aug 09, 2018","4.61","4.58","4.62","4.58","25.82K","0.88%"
"Aug 08, 2018","4.57","4.57","4.59","4.56","11.07K","-0.44%"
"Aug 07, 2018","4.59","4.60","4.61","4.59","36.04K","0.00%"
"Aug 06, 2018","4.59","4.60","4.60","4.58","57.81K","0.66%"
"Aug 03, 2018","4.56","4.58","4.58","4.56","0.32K","0.00%"
"Aug 02, 2018","4.56","4.55","4.56","4.53","13.29K","0.66%"
"Aug 01, 2018","4.53","4.55","4.55","4.53","3.06K","0.22%"
"Jul 31, 2018","4.52","4.52","4.52","4.50","6.54K","-0.22%"
"Jul 30, 2018","4.53","4.55","4.55","4.53","29.31K","-0.88%"
"Jul 27, 2018","4.57","4.61","4.63","4.56","14.01K","-0.65%"
"Jul 26, 2018","4.60","4.57","4.60","4.57","1.59K","1.10%"
"Jul 25, 2018","4.55","4.53","4.55","4.53","48.34K","-0.22%"
"Jul 24, 2018","4.56","4.58","4.58","4.56","3.16K","0.44%"
"Jul 23, 2018","4.54","4.54","4.54","4.53","4.37K","-0.22%"
"Jul 20, 2018","4.55","4.57","4.57","4.55","7.32K","-0.66%"
"Jul 19, 2018","4.58","4.58","4.58","4.56","11.92K","0.22%"
"Jul 18, 2018","4.57","4.58","4.58","4.57","3.78K","0.44%"
"Jul 17, 2018","4.55","4.54","4.55","4.53","0.37K","0.66%"
"Jul 16, 2018","4.52","4.56","4.56","4.52","14.00K","-0.66%"
"Jul 13, 2018","4.55","4.57","4.57","4.55","3.01K","0.44%"
"Jul 12, 2018","4.53","4.53","4.53","4.53","5.13K","0.44%"
"Jul 11, 2018","4.51","4.52","4.52","4.51","10.59K","-0.88%"
"Jul 10, 2018","4.55","4.55","4.56","4.55","0.37K","0.22%"
"Jul 09, 2018","4.54","4.52","4.54","4.52","1.11K","0.89%"
"Jul 06, 2018","4.50","4.49","4.50","4.47","0.52K","0.45%"
"Jul 05, 2018","4.48","4.48","4.50","4.47","11.75K","-0.44%"
"Jul 04, 2018","4.50","4.51","4.51","4.49","8.42K","0.00%"
"Jul 03, 2018","4.50","4.49","4.50","4.48","13.14K","0.67%"
"Jul 02, 2018","4.47","4.47","4.48","4.46","8.51K","-0.67%"
"Jun 29, 2018","4.50","4.49","4.51","4.49","8.58K","0.45%"
"Jun 28, 2018","4.48","4.52","4.52","4.47","1.54K","-1.10%"
"Jun 27, 2018","4.53","4.53","4.53","4.50","1.86K","0.89%"
"Jun 26, 2018","4.49","4.49","4.51","4.48","13.31K","0.45%"
"Jun 25, 2018","4.47","4.56","4.56","4.47","28.70K","-2.61%"
"Jun 22, 2018","4.59","4.55","4.59","4.55","4.09K","0.44%"
"Jun 21, 2018","4.57","4.63","4.63","4.56","16.62K","-0.65%"
"Jun 20, 2018","4.60","4.62","4.62","4.60","6.52K","0.66%"
"Jun 19, 2018","4.57","4.56","4.58","4.55","5.01K","-0.44%"
"Jun 18, 2018","4.59","4.59","4.60","4.57","7.39K","0.22%"
"Jun 15, 2018","4.58","4.63","4.63","4.58","5.30K","-0.65%"
"Jun 14, 2018","4.61","4.53","4.61","4.53","7.33K","0.88%"
"Jun 13, 2018","4.57","4.59","4.59","4.57","9.21K","0.00%"
"Jun 12, 2018","4.57","4.56","4.57","4.56","14.30K","0.44%"
"Jun 11, 2018","4.55","4.55","4.55","4.55","8.17K","0.22%"
"Jun 08, 2018","4.54","4.54","4.54","4.53","1.34K","0.22%"
"Jun 07, 2018","4.53","4.55","4.55","4.53","2.96K","-0.22%"
"Jun 06, 2018","4.54","4.56","4.56","4.53","9.21K","0.00%"
"Jun 05, 2018","4.54","4.58","4.58","4.54","10.40K","0.00%"
"Jun 04, 2018","4.54","4.55","4.55","4.53","5.29K","0.22%"
"Jun 01, 2018","4.53","4.52","4.54","4.52","25.84K","0.22%"
"May 31, 2018","4.52","4.53","4.53","4.52","4.48K","-0.22%"
"May 30, 2018","4.53","4.52","4.54","4.51","5.30K","0.22%"
"May 29, 2018","4.52","4.53","4.53","4.50","6.47K","-0.22%"
"May 28, 2018","4.53","4.53","4.54","4.53","11.79K","0.22%"
"May 25, 2018","4.52","4.53","4.53","4.52","2.13K","0.67%"
"May 24, 2018","4.49","4.51","4.52","4.48","4.73K","-0.44%"
"May 23, 2018","4.51","4.51","4.51","4.49","7.34K","-0.22%"
"May 22, 2018","4.52","4.53","4.53","4.51","11.19K","0.67%"
"May 18, 2018","4.49","4.49","4.50","4.48","8.54K","0.00%"
"May 17, 2018","4.49","4.48","4.50","4.48","1.36K","0.67%"
"May 16, 2018","4.46","4.43","4.46","4.43","5.36K","1.13%"
"May 15, 2018","4.41","4.42","4.42","4.41","9.63K","0.00%"
"May 14, 2018","4.41","4.43","4.43","4.41","24.14K","-0.45%"
"May 11, 2018","4.43","4.43","4.43","4.42","18.69K","0.23%"
"May 10, 2018","4.42","4.41","4.43","4.40","35.12K","0.45%"
"May 09, 2018","4.40","4.40","4.41","4.40","12.86K","0.69%"
"May 08, 2018","4.37","4.36","4.37","4.34","1.21K","0.46%"
"May 07, 2018","4.35","4.33","4.35","4.33","3.83K","0.93%"
"May 04, 2018","4.31","4.27","4.31","4.27","13.60K","1.41%"
"May 03, 2018","4.25","4.29","4.29","4.24","37.14K","-0.70%"
"May 02, 2018","4.28","4.29","4.29","4.26","2.85K","0.71%"
"Apr 30, 2018","4.25","4.24","4.28","4.24","6.03K","0.47%"
"Apr 27, 2018","4.23","4.25","4.28","4.23","13.33K","0.00%"
"Apr 26, 2018","4.23","4.21","4.23","4.21","0.70K","0.95%"
